{
  "frames": [
    {
      "filename": "icon_cong_3s.png",
      "frame": {
        "x": 0,
        "y": 0,
        "w": 178,
        "h": 168
      },
      "rotated": false,
      "trimmed": false,
      "spriteSourceSize": {
        "x": 0,
        "y": 0,
        "w": 178,
        "h": 168
      },
      "sourceSize": {
        "w": 178,
        "h": 168
      },
      "pivot": {
        "x": 0.5,
        "y": 0.5
      }
    },
    {
      "filename": "icon_cashback.png",
      "frame": {
        "x": 178,
        "y": 0,
        "w": 170,
        "h": 148
      },
      "rotated": false,
      "trimmed": false,
      "spriteSourceSize": {
        "x": 0,
        "y": 0,
        "w": 170,
        "h": 148
      },
      "sourceSize": {
        "w": 170,
        "h": 148
      },
      "pivot": {
        "x": 0.5,
        "y": 0.5
      }
    },
    {
      "filename": "icon_cong_5s.png",
      "frame": {
        "x": 0,
        "y": 168,
        "w": 168,
        "h": 162
      },
      "rotated": false,
      "trimmed": false,
      "spriteSourceSize": {
        "x": 0,
        "y": 0,
        "w": 168,
        "h": 162
      },
      "sourceSize": {
        "w": 168,
        "h": 162
      },
      "pivot": {
        "x": 0.5,
        "y": 0.5
      }
    },
    {
      "filename": "icon_cong_7s.png",
      "frame": {
        "x": 168,
        "y": 168,
        "w": 168,
        "h": 162
      },
      "rotated": false,
      "trimmed": false,
      "spriteSourceSize": {
        "x": 0,
        "y": 0,
        "w": 168,
        "h": 162
      },
      "sourceSize": {
        "w": 168,
        "h": 162
      },
      "pivot": {
        "x": 0.5,
        "y": 0.5
      }
    },
    {
      "filename": "icon_cong_luot_choi.png",
      "frame": {
        "x": 0,
        "y": 330,
        "w": 202,
        "h": 184
      },
      "rotated": false,
      "trimmed": false,
      "spriteSourceSize": {
        "x": 0,
        "y": 0,
        "w": 202,
        "h": 184
      },
      "sourceSize": {
        "w": 202,
        "h": 184
      },
      "pivot": {
        "x": 0.5,
        "y": 0.5
      }
    },
    {
      "filename": "icon_gift_specials.png",
      "frame": {
        "x": 202,
        "y": 330,
        "w": 198,
        "h": 184
      },
      "rotated": false,
      "trimmed": false,
      "spriteSourceSize": {
        "x": 0,
        "y": 0,
        "w": 198,
        "h": 184
      },
      "sourceSize": {
        "w": 198,
        "h": 184
      },
      "pivot": {
        "x": 0.5,
        "y": 0.5
      }
    },
    {
      "filename": "icon_topup_mobile.png",
      "frame": {
        "x": 0,
        "y": 514,
        "w": 258,
        "h": 252
      },
      "rotated": false,
      "trimmed": false,
      "spriteSourceSize": {
        "x": 0,
        "y": 0,
        "w": 258,
        "h": 252
      },
      "sourceSize": {
        "w": 258,
        "h": 252
      },
      "pivot": {
        "x": 0.5,
        "y": 0.5
      }
    },
    {
      "filename": "icon_voucher.png",
      "frame": {
        "x": 258,
        "y": 514,
        "w": 190,
        "h": 116
      },
      "rotated": false,
      "trimmed": false,
      "spriteSourceSize": {
        "x": 0,
        "y": 0,
        "w": 190,
        "h": 116
      },
      "sourceSize": {
        "w": 190,
        "h": 116
      },
      "pivot": {
        "x": 0.5,
        "y": 0.5
      }
    },
    {
      "filename": "l_t_ch_i.png",
      "frame": {
        "x": 0,
        "y": 766,
        "w": 202,
        "h": 184
      },
      "rotated": false,
      "trimmed": false,
      "spriteSourceSize": {
        "x": 0,
        "y": 0,
        "w": 202,
        "h": 184
      },
      "sourceSize": {
        "w": 202,
        "h": 184
      },
      "pivot": {
        "x": 0.5,
        "y": 0.5
      }
    },
    {
      "filename": "m_ho_n_ti_n.png",
      "frame": {
        "x": 202,
        "y": 766,
        "w": 170,
        "h": 148
      },
      "rotated": false,
      "trimmed": false,
      "spriteSourceSize": {
        "x": 0,
        "y": 0,
        "w": 170,
        "h": 148
      },
      "sourceSize": {
        "w": 170,
        "h": 148
      },
      "pivot": {
        "x": 0.5,
        "y": 0.5
      }
    }
  ],
  "meta": {
    "app": "https://www.codeandweb.com/texturepacker",
    "version": "1.0",
    "image": "ui_game_gift.png",
    "format": "RGBA8888",
    "size": {
      "w": 448,
      "h": 950
    },
    "scale": "1",
    "smartupdate": "$TexturePacker:SmartUpdate:b929365b0173a07a34aa5ef3ea22e70d:eb66ee8f1800600ad669701fc969c6c5:1676ec77d8a53dce01e4720ff0112028$"
  }
}
